{
    "key": "group_58c9abe5215c3",
    "title": "Widget Settings",
    "fields": [
        {
            "key": "field_58c9abf00100e",
            "label": "Widget Type",
            "name": "widget_type",
            "type": "radio",
            "instructions": "",
            "required": 0,
            "conditional_logic": 0,
            "wrapper": {
                "width": "",
                "class": "",
                "id": ""
            },
            "choices": {
                "SKW_ContactToast": "Contact Toast"
            },
            "allow_null": 0,
            "other_choice": 0,
            "save_other_choice": 0,
            "default_value": "",
            "layout": "vertical",
            "return_format": "value"
        },
        {
            "key": "field_58c9acbf01010",
            "label": "Contact Toast Settings",
            "name": "",
            "type": "tab",
            "instructions": "",
            "required": 0,
            "conditional_logic": [
                [
                    {
                        "field": "field_58c9abf00100e",
                        "operator": "==",
                        "value": "SKW_ContactToast"
                    }
                ]
            ],
            "wrapper": {
                "width": "",
                "class": "",
                "id": ""
            },
            "placement": "top",
            "endpoint": 0
        },
        {
            "key": "field_58c9ace701011",
            "label": "Contact Toast Info Title",
            "name": "contact_toast_info_title",
            "type": "text",
            "instructions": "",
            "required": 0,
            "conditional_logic": [
                [
                    {
                        "field": "field_58c9abf00100e",
                        "operator": "==",
                        "value": "SKW_ContactToast"
                    }
                ]
            ],
            "wrapper": {
                "width": "",
                "class": "",
                "id": ""
            },
            "default_value": "",
            "placeholder": "",
            "prepend": "",
            "append": "",
            "maxlength": ""
        },
        {
            "key": "field_58c9acfa01012",
            "label": "Contact Toast Info Body",
            "name": "contact_toast_info_body",
            "type": "wysiwyg",
            "instructions": "",
            "required": 0,
            "conditional_logic": [
                [
                    {
                        "field": "field_58c9abf00100e",
                        "operator": "==",
                        "value": "SKW_ContactToast"
                    }
                ]
            ],
            "wrapper": {
                "width": "",
                "class": "",
                "id": ""
            },
            "default_value": "",
            "tabs": "all",
            "toolbar": "full",
            "media_upload": 1,
            "delay": 0
        },
        {
            "key": "field_58c9bc7fdcad4",
            "label": "Contact Toast Info Background Image",
            "name": "contact_toast_info_bg",
            "type": "image",
            "instructions": "",
            "required": 0,
            "conditional_logic": [
                [
                    {
                        "field": "field_58c9abf00100e",
                        "operator": "==",
                        "value": "SKW_ContactToast"
                    }
                ]
            ],
            "wrapper": {
                "width": "",
                "class": "",
                "id": ""
            },
            "return_format": "array",
            "preview_size": "thumbnail",
            "library": "all",
            "min_width": "",
            "min_height": "",
            "min_size": "",
            "max_width": "",
            "max_height": "",
            "max_size": "",
            "mime_types": ""
        },
        {
            "key": "field_58c9ad1c01013",
            "label": "Contact Toast Form Title",
            "name": "contact_toast_form_title",
            "type": "text",
            "instructions": "",
            "required": 0,
            "conditional_logic": [
                [
                    {
                        "field": "field_58c9abf00100e",
                        "operator": "==",
                        "value": "SKW_ContactToast"
                    }
                ]
            ],
            "wrapper": {
                "width": "",
                "class": "",
                "id": ""
            },
            "default_value": "",
            "placeholder": "",
            "prepend": "",
            "append": "",
            "maxlength": ""
        },
        {
            "key": "field_58c9bb12dcad2",
            "label": "Contact Toast Form",
            "name": "contact_toast_form",
            "type": "gravity_forms_field",
            "instructions": "",
            "required": 0,
            "conditional_logic": [
                [
                    {
                        "field": "field_58c9abf00100e",
                        "operator": "==",
                        "value": "SKW_ContactToast"
                    }
                ]
            ],
            "wrapper": {
                "width": "",
                "class": "",
                "id": ""
            },
            "allow_null": 0,
            "allow_multiple": 0
        },
        {
            "key": "field_58c9bbf1dcad3",
            "label": "Contact Toast Form Background Image",
            "name": "contact_toast_form_bg",
            "type": "image",
            "instructions": "",
            "required": 0,
            "conditional_logic": [
                [
                    {
                        "field": "field_58c9abf00100e",
                        "operator": "==",
                        "value": "SKW_ContactToast"
                    }
                ]
            ],
            "wrapper": {
                "width": "",
                "class": "",
                "id": ""
            },
            "return_format": "array",
            "preview_size": "thumbnail",
            "library": "all",
            "min_width": "",
            "min_height": "",
            "min_size": "",
            "max_width": "",
            "max_height": "",
            "max_size": "",
            "mime_types": ""
        }
    ],
    "location": [
        [
            {
                "param": "post_type",
                "operator": "==",
                "value": "skw_widget"
            }
        ]
    ],
    "menu_order": 0,
    "position": "normal",
    "style": "default",
    "label_placement": "top",
    "instruction_placement": "label",
    "hide_on_screen": "",
    "active": 1,
    "description": "",
    "modified": 1490282400
}