{
    "key": "group_58b9e57f5ceb4",
    "title": "Flexible Content Builder",
    "fields": [
        {
            "key": "field_58b9e58009cae",
            "label": "Content",
            "name": "flexible_content",
            "type": "flexible_content",
            "instructions": "",
            "required": 0,
            "conditional_logic": 0,
            "wrapper": {
                "width": "",
                "class": "",
                "id": ""
            },
            "button_label": "Add Section",
            "min": "",
            "max": "",
            "layouts": [
                {
                    "key": "58b9e588df82d",
                    "name": "Triptych",
                    "label": "Triptych",
                    "display": "block",
                    "sub_fields": [
                        {
                            "key": "field_58b9e70609cb1",
                            "label": "Triptych Items",
                            "name": "triptych_items",
                            "type": "repeater",
                            "instructions": "",
                            "required": 0,
                            "conditional_logic": 0,
                            "wrapper": {
                                "width": "",
                                "class": "",
                                "id": ""
                            },
                            "collapsed": "",
                            "min": 0,
                            "max": 0,
                            "layout": "table",
                            "button_label": "",
                            "sub_fields": [
                                {
                                    "key": "field_58b9e77e09cb2",
                                    "label": "Triptych Image",
                                    "name": "triptych_image",
                                    "type": "image",
                                    "instructions": "",
                                    "required": 0,
                                    "conditional_logic": 0,
                                    "wrapper": {
                                        "width": "",
                                        "class": "",
                                        "id": ""
                                    },
                                    "return_format": "array",
                                    "preview_size": "thumbnail",
                                    "library": "all",
                                    "min_width": "",
                                    "min_height": "",
                                    "min_size": "",
                                    "max_width": "",
                                    "max_height": "",
                                    "max_size": "",
                                    "mime_types": ""
                                },
                                {
                                    "key": "field_58b9e79609cb3",
                                    "label": "Triptych Title",
                                    "name": "triptych_title",
                                    "type": "text",
                                    "instructions": "",
                                    "required": 0,
                                    "conditional_logic": 0,
                                    "wrapper": {
                                        "width": "",
                                        "class": "",
                                        "id": ""
                                    },
                                    "default_value": "",
                                    "placeholder": "",
                                    "prepend": "",
                                    "append": "",
                                    "maxlength": ""
                                },
                                {
                                    "key": "field_58b9e7a409cb4",
                                    "label": "Triptych Body",
                                    "name": "triptych_body",
                                    "type": "wysiwyg",
                                    "instructions": "",
                                    "required": 0,
                                    "conditional_logic": 0,
                                    "wrapper": {
                                        "width": "",
                                        "class": "",
                                        "id": ""
                                    },
                                    "default_value": "",
                                    "tabs": "all",
                                    "toolbar": "full",
                                    "media_upload": 1,
                                    "delay": 0
                                }
                            ]
                        },
                        {
                            "key": "field_58b9e92009cb5",
                            "label": "Triptych Column Count",
                            "name": "triptych_column_count",
                            "type": "radio",
                            "instructions": "",
                            "required": 0,
                            "conditional_logic": 0,
                            "wrapper": {
                                "width": "",
                                "class": "",
                                "id": ""
                            },
                            "choices": {
                                "3up": "Three-up",
                                "4up": "Four-up"
                            },
                            "allow_null": 0,
                            "other_choice": 0,
                            "save_other_choice": 0,
                            "default_value": "",
                            "layout": "horizontal",
                            "return_format": "value"
                        },
                        {
                            "key": "field_58dd375f03769",
                            "label": "Triptych Background",
                            "name": "triptych_bg",
                            "type": "image",
                            "instructions": "",
                            "required": 0,
                            "conditional_logic": 0,
                            "wrapper": {
                                "width": "",
                                "class": "",
                                "id": ""
                            },
                            "return_format": "array",
                            "preview_size": "thumbnail",
                            "library": "all",
                            "min_width": "",
                            "min_height": "",
                            "min_size": "",
                            "max_width": "",
                            "max_height": "",
                            "max_size": "",
                            "mime_types": ""
                        },
                        {
                            "key": "field_5939566fdf3fb",
                            "label": "Triptych Background Color",
                            "name": "triptych_bg_color",
                            "type": "radio",
                            "instructions": "Indicate the background color of the background image.",
                            "required": 1,
                            "conditional_logic": 0,
                            "wrapper": {
                                "width": "",
                                "class": "",
                                "id": ""
                            },
                            "choices": {
                                "dark_bg": "Dark background (light text)",
                                "light_bg": "Light background (dark text)",
                                "inherit_bg": "No background (use theme's text color)"
                            },
                            "allow_null": 0,
                            "other_choice": 0,
                            "save_other_choice": 0,
                            "default_value": "inherit_bg",
                            "layout": "horizontal",
                            "return_format": "value"
                        }
                    ],
                    "min": "",
                    "max": ""
                },
                {
                    "key": "58c1c8efdf06d",
                    "name": "ContentSection--body",
                    "label": "Body Content",
                    "display": "block",
                    "sub_fields": [
                        {
                            "key": "field_58c1c8ffdf06e",
                            "label": "Body",
                            "name": "content_text",
                            "type": "wysiwyg",
                            "instructions": "",
                            "required": 0,
                            "conditional_logic": 0,
                            "wrapper": {
                                "width": "",
                                "class": "",
                                "id": ""
                            },
                            "default_value": "",
                            "tabs": "all",
                            "toolbar": "full",
                            "media_upload": 1,
                            "delay": 0
                        },
                        {
                            "key": "field_58dd38c60376a",
                            "label": "Background",
                            "name": "content_bg",
                            "type": "image",
                            "instructions": "",
                            "required": 0,
                            "conditional_logic": 0,
                            "wrapper": {
                                "width": "",
                                "class": "",
                                "id": ""
                            },
                            "return_format": "array",
                            "preview_size": "thumbnail",
                            "library": "all",
                            "min_width": "",
                            "min_height": "",
                            "min_size": "",
                            "max_width": "",
                            "max_height": "",
                            "max_size": "",
                            "mime_types": ""
                        },
                        {
                            "key": "field_5939569fdf3fc",
                            "label": "Background Color",
                            "name": "content_bg_color",
                            "type": "radio",
                            "instructions": "Indicate the background color of the background image.",
                            "required": 1,
                            "conditional_logic": 0,
                            "wrapper": {
                                "width": "",
                                "class": "",
                                "id": ""
                            },
                            "choices": {
                                "dark_bg": "Dark background (light text)",
                                "light_bg": "Light background (dark text)",
                                "inherit_bg": "No background (use theme's text color)"
                            },
                            "allow_null": 0,
                            "other_choice": 0,
                            "save_other_choice": 0,
                            "default_value": "inherit_bg",
                            "layout": "horizontal",
                            "return_format": "value"
                        }
                    ],
                    "min": "",
                    "max": ""
                },
                {
                    "key": "58c19521d9b6d",
                    "name": "ContentSection--split_50",
                    "label": "Split 50 Content",
                    "display": "block",
                    "sub_fields": [
                        {
                            "key": "field_58c19543d9b6e",
                            "label": "Image",
                            "name": "content_image",
                            "type": "image",
                            "instructions": "",
                            "required": 0,
                            "conditional_logic": 0,
                            "wrapper": {
                                "width": "",
                                "class": "",
                                "id": ""
                            },
                            "return_format": "array",
                            "preview_size": "thumbnail",
                            "library": "all",
                            "min_width": "",
                            "min_height": "",
                            "min_size": "",
                            "max_width": "",
                            "max_height": "",
                            "max_size": "",
                            "mime_types": ""
                        },
                        {
                            "key": "field_58c195d8d9b70",
                            "label": "Image Caption",
                            "name": "content_caption",
                            "type": "text",
                            "instructions": "",
                            "required": 0,
                            "conditional_logic": 0,
                            "wrapper": {
                                "width": "",
                                "class": "",
                                "id": ""
                            },
                            "default_value": "",
                            "placeholder": "",
                            "prepend": "",
                            "append": "",
                            "maxlength": ""
                        },
                        {
                            "key": "field_58c19622d9b71",
                            "label": "Image Alignment",
                            "name": "content_image_alignment",
                            "type": "radio",
                            "instructions": "",
                            "required": 0,
                            "conditional_logic": 0,
                            "wrapper": {
                                "width": "",
                                "class": "",
                                "id": ""
                            },
                            "choices": {
                                "top": "Align to top",
                                "middle": "Center alignment",
                                "bottom": "Align to bottom"
                            },
                            "allow_null": 0,
                            "other_choice": 0,
                            "save_other_choice": 0,
                            "default_value": "middle",
                            "layout": "horizontal",
                            "return_format": "value"
                        },
                        {
                            "key": "field_58c195b6d9b6f",
                            "label": "Body",
                            "name": "content_text",
                            "type": "wysiwyg",
                            "instructions": "",
                            "required": 0,
                            "conditional_logic": 0,
                            "wrapper": {
                                "width": "",
                                "class": "",
                                "id": ""
                            },
                            "default_value": "",
                            "tabs": "all",
                            "toolbar": "full",
                            "media_upload": 1,
                            "delay": 0
                        },
                        {
                            "key": "field_58c197b7d9b72",
                            "label": "Body Alignment",
                            "name": "content_text_alignment",
                            "type": "radio",
                            "instructions": "",
                            "required": 0,
                            "conditional_logic": 0,
                            "wrapper": {
                                "width": "",
                                "class": "",
                                "id": ""
                            },
                            "choices": {
                                "top": "Align to top",
                                "middle": "Center alignment",
                                "bottom": "Align to bottom"
                            },
                            "allow_null": 0,
                            "other_choice": 0,
                            "save_other_choice": 0,
                            "default_value": "middle",
                            "layout": "horizontal",
                            "return_format": "value"
                        },
                        {
                            "key": "field_58c197e4d9b73",
                            "label": "Content Order",
                            "name": "content_order",
                            "type": "radio",
                            "instructions": "",
                            "required": 0,
                            "conditional_logic": 0,
                            "wrapper": {
                                "width": "",
                                "class": "",
                                "id": ""
                            },
                            "choices": {
                                "image_first": "Image first, then text",
                                "text_first": "Text first, then image"
                            },
                            "allow_null": 0,
                            "other_choice": 0,
                            "save_other_choice": 0,
                            "default_value": "image_first",
                            "layout": "horizontal",
                            "return_format": "value"
                        },
                        {
                            "key": "field_58dd38d20376b",
                            "label": "Background",
                            "name": "content_bg",
                            "type": "image",
                            "instructions": "",
                            "required": 0,
                            "conditional_logic": 0,
                            "wrapper": {
                                "width": "",
                                "class": "",
                                "id": ""
                            },
                            "return_format": "array",
                            "preview_size": "thumbnail",
                            "library": "all",
                            "min_width": "",
                            "min_height": "",
                            "min_size": "",
                            "max_width": "",
                            "max_height": "",
                            "max_size": "",
                            "mime_types": ""
                        },
                        {
                            "key": "field_5939577fdf3fd",
                            "label": "Background Color",
                            "name": "content_bg_color",
                            "type": "radio",
                            "instructions": "Indicate the background color of the background image.",
                            "required": 1,
                            "conditional_logic": 0,
                            "wrapper": {
                                "width": "",
                                "class": "",
                                "id": ""
                            },
                            "choices": {
                                "dark_bg": "Dark background (light text)",
                                "light_bg": "Light background (dark text)",
                                "inherit_bg": "No background (use theme's text color)"
                            },
                            "allow_null": 0,
                            "other_choice": 0,
                            "save_other_choice": 0,
                            "default_value": "inherit_bg",
                            "layout": "horizontal",
                            "return_format": "value"
                        }
                    ],
                    "min": "",
                    "max": ""
                },
                {
                    "key": "58da7ac43e86a",
                    "name": "TabbedContent",
                    "label": "Tabbed Content",
                    "display": "block",
                    "sub_fields": [
                        {
                            "key": "field_58da7ba03e86b",
                            "label": "Title",
                            "name": "tabbedcontent_title",
                            "type": "text",
                            "instructions": "",
                            "required": 0,
                            "conditional_logic": 0,
                            "wrapper": {
                                "width": "",
                                "class": "",
                                "id": ""
                            },
                            "default_value": "",
                            "placeholder": "",
                            "prepend": "",
                            "append": "",
                            "maxlength": ""
                        },
                        {
                            "key": "field_58da7c4e3e86c",
                            "label": "Tabs",
                            "name": "tabbedcontent_tabs",
                            "type": "repeater",
                            "instructions": "",
                            "required": 0,
                            "conditional_logic": 0,
                            "wrapper": {
                                "width": "",
                                "class": "",
                                "id": ""
                            },
                            "collapsed": "",
                            "min": 0,
                            "max": 0,
                            "layout": "block",
                            "button_label": "",
                            "sub_fields": [
                                {
                                    "key": "field_58da7c8e3e86d",
                                    "label": "Tab Title",
                                    "name": "tabbedcontent_tab_title",
                                    "type": "text",
                                    "instructions": "",
                                    "required": 0,
                                    "conditional_logic": 0,
                                    "wrapper": {
                                        "width": "",
                                        "class": "",
                                        "id": ""
                                    },
                                    "default_value": "",
                                    "placeholder": "",
                                    "prepend": "",
                                    "append": "",
                                    "maxlength": ""
                                },
                                {
                                    "key": "field_58daa99249a6d",
                                    "label": "Tab Icon",
                                    "name": "tabbedcontent_tab_icon",
                                    "type": "image",
                                    "instructions": "",
                                    "required": 0,
                                    "conditional_logic": 0,
                                    "wrapper": {
                                        "width": "",
                                        "class": "",
                                        "id": ""
                                    },
                                    "return_format": "array",
                                    "preview_size": "thumbnail",
                                    "library": "all",
                                    "min_width": "",
                                    "min_height": "",
                                    "min_size": "",
                                    "max_width": "",
                                    "max_height": "",
                                    "max_size": "",
                                    "mime_types": ""
                                },
                                {
                                    "key": "field_58da7cb73e86e",
                                    "label": "Tab Content",
                                    "name": "tabbedcontent_tab_content",
                                    "type": "wysiwyg",
                                    "instructions": "",
                                    "required": 0,
                                    "conditional_logic": 0,
                                    "wrapper": {
                                        "width": "",
                                        "class": "",
                                        "id": ""
                                    },
                                    "default_value": "",
                                    "tabs": "all",
                                    "toolbar": "full",
                                    "media_upload": 1,
                                    "delay": 0
                                }
                            ]
                        },
                        {
                            "key": "field_58dd39950376c",
                            "label": "Background",
                            "name": "tabbedcontent_bg",
                            "type": "image",
                            "instructions": "",
                            "required": 0,
                            "conditional_logic": 0,
                            "wrapper": {
                                "width": "",
                                "class": "",
                                "id": ""
                            },
                            "return_format": "array",
                            "preview_size": "thumbnail",
                            "library": "all",
                            "min_width": "",
                            "min_height": "",
                            "min_size": "",
                            "max_width": "",
                            "max_height": "",
                            "max_size": "",
                            "mime_types": ""
                        },
                        {
                            "key": "field_5939582adf3fe",
                            "label": "Background Color",
                            "name": "tabbedcontent_bg_color",
                            "type": "radio",
                            "instructions": "Indicate the background color of the background image.",
                            "required": 1,
                            "conditional_logic": 0,
                            "wrapper": {
                                "width": "",
                                "class": "",
                                "id": ""
                            },
                            "choices": {
                                "dark_bg": "Dark background (light text)",
                                "light_bg": "Light background (dark text)",
                                "inherit_bg": "No background (use theme's text color)"
                            },
                            "allow_null": 0,
                            "other_choice": 0,
                            "save_other_choice": 0,
                            "default_value": "inherit_bg",
                            "layout": "horizontal",
                            "return_format": "value"
                        }
                    ],
                    "min": "",
                    "max": ""
                },
                {
                    "key": "58c6f4d8cd94d",
                    "name": "StaffGrid",
                    "label": "Staffing Grid",
                    "display": "block",
                    "sub_fields": [
                        {
                            "key": "field_58c6f4e2cd94e",
                            "label": "Staffing Grid Items",
                            "name": "staffgrid_items",
                            "type": "repeater",
                            "instructions": "",
                            "required": 0,
                            "conditional_logic": 0,
                            "wrapper": {
                                "width": "",
                                "class": "",
                                "id": ""
                            },
                            "collapsed": "field_58c6f6becd950",
                            "min": 0,
                            "max": 0,
                            "layout": "row",
                            "button_label": "",
                            "sub_fields": [
                                {
                                    "key": "field_58c6f4fecd94f",
                                    "label": "Image",
                                    "name": "staffgrid_image",
                                    "type": "image",
                                    "instructions": "",
                                    "required": 0,
                                    "conditional_logic": 0,
                                    "wrapper": {
                                        "width": "",
                                        "class": "",
                                        "id": ""
                                    },
                                    "return_format": "array",
                                    "preview_size": "thumbnail",
                                    "library": "all",
                                    "min_width": "",
                                    "min_height": "",
                                    "min_size": "",
                                    "max_width": "",
                                    "max_height": "",
                                    "max_size": "",
                                    "mime_types": ""
                                },
                                {
                                    "key": "field_58c6f6becd950",
                                    "label": "Name",
                                    "name": "staffgrid_name",
                                    "type": "text",
                                    "instructions": "",
                                    "required": 0,
                                    "conditional_logic": 0,
                                    "wrapper": {
                                        "width": "",
                                        "class": "",
                                        "id": ""
                                    },
                                    "default_value": "",
                                    "placeholder": "",
                                    "prepend": "",
                                    "append": "",
                                    "maxlength": ""
                                },
                                {
                                    "key": "field_58c6f6decd951",
                                    "label": "Job Title",
                                    "name": "staffgrid_job_title",
                                    "type": "text",
                                    "instructions": "",
                                    "required": 0,
                                    "conditional_logic": 0,
                                    "wrapper": {
                                        "width": "",
                                        "class": "",
                                        "id": ""
                                    },
                                    "default_value": "",
                                    "placeholder": "",
                                    "prepend": "",
                                    "append": "",
                                    "maxlength": ""
                                },
                                {
                                    "key": "field_58c6f8cccd952",
                                    "label": "Body",
                                    "name": "staffgrid_body",
                                    "type": "wysiwyg",
                                    "instructions": "",
                                    "required": 0,
                                    "conditional_logic": 0,
                                    "wrapper": {
                                        "width": "",
                                        "class": "",
                                        "id": ""
                                    },
                                    "default_value": "",
                                    "tabs": "all",
                                    "toolbar": "full",
                                    "media_upload": 1,
                                    "delay": 0
                                }
                            ]
                        },
                        {
                            "key": "field_58dd3a520376e",
                            "label": "Background",
                            "name": "staffgrid_bg",
                            "type": "image",
                            "instructions": "",
                            "required": 0,
                            "conditional_logic": 0,
                            "wrapper": {
                                "width": "",
                                "class": "",
                                "id": ""
                            },
                            "return_format": "array",
                            "preview_size": "thumbnail",
                            "library": "all",
                            "min_width": "",
                            "min_height": "",
                            "min_size": "",
                            "max_width": "",
                            "max_height": "",
                            "max_size": "",
                            "mime_types": ""
                        },
                        {
                            "key": "field_59395847df3ff",
                            "label": "Background Color",
                            "name": "staffgrid_bg_color",
                            "type": "radio",
                            "instructions": "Indicate the background color of the background image.",
                            "required": 1,
                            "conditional_logic": 0,
                            "wrapper": {
                                "width": "",
                                "class": "",
                                "id": ""
                            },
                            "choices": {
                                "dark_bg": "Dark background (light text)",
                                "light_bg": "Light background (dark text)",
                                "inherit_bg": "No background (use theme's text color)"
                            },
                            "allow_null": 0,
                            "other_choice": 0,
                            "save_other_choice": 0,
                            "default_value": "inherit_bg",
                            "layout": "horizontal",
                            "return_format": "value"
                        }
                    ],
                    "min": "",
                    "max": ""
                },
                {
                    "key": "58d582972684b",
                    "name": "GoogleMap",
                    "label": "Google Map",
                    "display": "block",
                    "sub_fields": [
                        {
                            "key": "field_58d5829f2684c",
                            "label": "Locations",
                            "name": "gmap_locations",
                            "type": "repeater",
                            "instructions": "",
                            "required": 0,
                            "conditional_logic": 0,
                            "wrapper": {
                                "width": "",
                                "class": "",
                                "id": ""
                            },
                            "collapsed": "",
                            "min": 0,
                            "max": 0,
                            "layout": "table",
                            "button_label": "",
                            "sub_fields": [
                                {
                                    "key": "field_58d582d62684d",
                                    "label": "Marker Latitude",
                                    "name": "gmap_loc_latitude",
                                    "type": "text",
                                    "instructions": "",
                                    "required": 0,
                                    "conditional_logic": 0,
                                    "wrapper": {
                                        "width": "",
                                        "class": "",
                                        "id": ""
                                    },
                                    "default_value": "",
                                    "placeholder": "",
                                    "prepend": "",
                                    "append": "",
                                    "maxlength": ""
                                },
                                {
                                    "key": "field_58d583472684e",
                                    "label": "Marker Longitude",
                                    "name": "gmap_loc_longitude",
                                    "type": "text",
                                    "instructions": "",
                                    "required": 0,
                                    "conditional_logic": 0,
                                    "wrapper": {
                                        "width": "",
                                        "class": "",
                                        "id": ""
                                    },
                                    "default_value": "",
                                    "placeholder": "",
                                    "prepend": "",
                                    "append": "",
                                    "maxlength": ""
                                },
                                {
                                    "key": "field_58d583582684f",
                                    "label": "Info-Window Body",
                                    "name": "gmap_loc_body",
                                    "type": "wysiwyg",
                                    "instructions": "",
                                    "required": 0,
                                    "conditional_logic": 0,
                                    "wrapper": {
                                        "width": "",
                                        "class": "",
                                        "id": ""
                                    },
                                    "default_value": "",
                                    "tabs": "all",
                                    "toolbar": "full",
                                    "media_upload": 1,
                                    "delay": 0
                                }
                            ]
                        },
                        {
                            "key": "field_58d92028d0b22",
                            "label": "Options",
                            "name": "gmap_options",
                            "type": "checkbox",
                            "instructions": "",
                            "required": 0,
                            "conditional_logic": 0,
                            "wrapper": {
                                "width": "",
                                "class": "",
                                "id": ""
                            },
                            "choices": {
                                "data-googlemap-draggable": "Map is draggable",
                                "data-googlemap-scrollzoom": "Map is zoomable via scroll wheel"
                            },
                            "allow_custom": 0,
                            "save_custom": 0,
                            "default_value": [],
                            "layout": "vertical",
                            "toggle": 0,
                            "return_format": "value"
                        }
                    ],
                    "min": "",
                    "max": ""
                },
                {
                    "key": "58dc08544c418",
                    "name": "VideoPlayer",
                    "label": "Video Player",
                    "display": "block",
                    "sub_fields": [
                        {
                            "key": "field_58dc08694c419",
                            "label": "Source",
                            "name": "video_source",
                            "type": "radio",
                            "instructions": "",
                            "required": 1,
                            "conditional_logic": 0,
                            "wrapper": {
                                "width": "",
                                "class": "",
                                "id": ""
                            },
                            "choices": {
                                "html5": "Locally-hosted upload",
                                "youtube": "YouTube upload",
                                "vimeo": "Vimeo upload"
                            },
                            "allow_null": 0,
                            "other_choice": 0,
                            "save_other_choice": 0,
                            "default_value": "",
                            "layout": "vertical",
                            "return_format": "value"
                        },
                        {
                            "key": "field_58dc0afd4c41a",
                            "label": "Source Files",
                            "name": "video_source_files",
                            "type": "repeater",
                            "instructions": "",
                            "required": 1,
                            "conditional_logic": [
                                [
                                    {
                                        "field": "field_58dc08694c419",
                                        "operator": "==",
                                        "value": "html5"
                                    }
                                ]
                            ],
                            "wrapper": {
                                "width": "",
                                "class": "",
                                "id": ""
                            },
                            "collapsed": "",
                            "min": 0,
                            "max": 0,
                            "layout": "block",
                            "button_label": "",
                            "sub_fields": [
                                {
                                    "key": "field_58dc12824c41b",
                                    "label": "Source File",
                                    "name": "video_source_file",
                                    "type": "file",
                                    "instructions": "",
                                    "required": 1,
                                    "conditional_logic": 0,
                                    "wrapper": {
                                        "width": "",
                                        "class": "",
                                        "id": ""
                                    },
                                    "return_format": "array",
                                    "library": "all",
                                    "min_size": "",
                                    "max_size": "",
                                    "mime_types": ""
                                }
                            ]
                        },
                        {
                            "key": "field_58dc13954c41c",
                            "label": "Source Video ID",
                            "name": "video_id",
                            "type": "text",
                            "instructions": "Enter the video ID for your hosting service. You can extract the video ID from your URL. It is usually the last component of the URL path. Examples:\r\n\r\nYouTube: https:\/\/www.youtube.com\/embed\/lasWefVUCsI - your video ID is lasWefVUCsI\r\nVimeo: https:\/\/player.vimeo.com\/video\/40653230 - your video ID is 40653230",
                            "required": 1,
                            "conditional_logic": [
                                [
                                    {
                                        "field": "field_58dc08694c419",
                                        "operator": "==",
                                        "value": "youtube"
                                    }
                                ],
                                [
                                    {
                                        "field": "field_58dc08694c419",
                                        "operator": "==",
                                        "value": "vimeo"
                                    }
                                ]
                            ],
                            "wrapper": {
                                "width": "",
                                "class": "",
                                "id": ""
                            },
                            "default_value": "",
                            "placeholder": "",
                            "prepend": "",
                            "append": "",
                            "maxlength": ""
                        },
                        {
                            "key": "field_58dd3a730376f",
                            "label": "Background",
                            "name": "video_bg",
                            "type": "image",
                            "instructions": "",
                            "required": 0,
                            "conditional_logic": 0,
                            "wrapper": {
                                "width": "",
                                "class": "",
                                "id": ""
                            },
                            "return_format": "array",
                            "preview_size": "thumbnail",
                            "library": "all",
                            "min_width": "",
                            "min_height": "",
                            "min_size": "",
                            "max_width": "",
                            "max_height": "",
                            "max_size": "",
                            "mime_types": ""
                        },
                        {
                            "key": "field_5939586edf400",
                            "label": "Background Color",
                            "name": "video_bg_color",
                            "type": "radio",
                            "instructions": "Indicate the background color of the background image.",
                            "required": 1,
                            "conditional_logic": 0,
                            "wrapper": {
                                "width": "",
                                "class": "",
                                "id": ""
                            },
                            "choices": {
                                "dark_bg": "Dark background (light text)",
                                "light_bg": "Light background (dark text)",
                                "inherit_bg": "No background (use theme's text color)"
                            },
                            "allow_null": 0,
                            "other_choice": 0,
                            "save_other_choice": 0,
                            "default_value": "inherit_bg",
                            "layout": "horizontal",
                            "return_format": "value"
                        }
                    ],
                    "min": "",
                    "max": ""
                },
                {
                    "key": "3f5e9bfc-39e6-4e48-a594-fd53c9ac0b70",
                    "name": "ObiStrip",
                    "label": "Obi strip (callout footer)",
                    "display": "block",
                    "sub_fields": [
                        {
                            "key": "field_b9f0797a-2170-4ef3-b7a9-9c6dee9d2390",
                            "label": "Body",
                            "name": "obistrip_body",
                            "type": "wysiwyg",
                            "instructions": "",
                            "required": 0,
                            "conditional_logic": 0,
                            "wrapper": {
                                "width": "",
                                "class": "",
                                "id": ""
                            },
                            "default_value": "",
                            "tabs": "all",
                            "toolbar": "full",
                            "media_upload": 1,
                            "delay": 0
                        },
                        {
                            "key": "field_58dd3c4003770",
                            "label": "Background",
                            "name": "obistrip_bg",
                            "type": "image",
                            "instructions": "",
                            "required": 0,
                            "conditional_logic": 0,
                            "wrapper": {
                                "width": "",
                                "class": "",
                                "id": ""
                            },
                            "return_format": "array",
                            "preview_size": "thumbnail",
                            "library": "all",
                            "min_width": "",
                            "min_height": "",
                            "min_size": "",
                            "max_width": "",
                            "max_height": "",
                            "max_size": "",
                            "mime_types": ""
                        },
                        {
                            "key": "field_5936d379dbe07",
                            "label": "Background Color",
                            "name": "background_color",
                            "type": "radio",
                            "instructions": "Indicate the background color of the background image.",
                            "required": 1,
                            "conditional_logic": 0,
                            "wrapper": {
                                "width": "",
                                "class": "",
                                "id": ""
                            },
                            "choices": {
                                "dark_bg": "Dark background (light text)",
                                "light_bg": "Light background (dark text)",
                                "inherit_bg": "No background image (use primary theme color)"
                            },
                            "allow_null": 0,
                            "other_choice": 0,
                            "save_other_choice": 0,
                            "default_value": "",
                            "layout": "vertical",
                            "return_format": "value"
                        }
                    ],
                    "min": "",
                    "max": ""
                }
            ]
        }
    ],
    "location": [
        [
            {
                "param": "page_template",
                "operator": "==",
                "value": "page-flexiblelayout.php"
            }
        ]
    ],
    "menu_order": 0,
    "position": "normal",
    "style": "default",
    "label_placement": "top",
    "instruction_placement": "label",
    "hide_on_screen": [
        "the_content"
    ],
    "active": 1,
    "description": "",
    "modified": 1490894151
}